category,units_demanded,units_fulfilled,fill_rate
Health,1573660,1399436,0.8892873937191007
Frozen,1736472,1558743,0.897649371829779
Pet Care,1649202,1482232,0.8987570958560565
Household,1626925,1506170,0.9257771562917775
Snacks,1659915,1544818,0.9306609073356166
Personal Care,1471369,1384283,0.9408129435919882
Dairy,1693843,1605239,0.9476905474710466
Beverages,1573439,1500066,0.953367750513366
