category,units_demanded,units_fulfilled,units_lost_sales,fill_rate,stockout_rate,stockout_day_rate,lost_sales_revenue,avg_days_of_supply,avg_inventory_value,avg_row_fill_rate
Health,1573660.0,1399436.0,174224.0,0.8892873937191007,0.11071260628089931,0.06764705882352941,14800054.680000002,36.33259940720474,17740.374134974914,0.9391310629182871
Pet Care,1649202.0,1482232.0,166970.0,0.8987570958560565,0.10124290414394356,0.08586411308709531,7377674.189999997,26.655252849977266,10023.161497036022,0.9215816941608179
Personal Care,1471369.0,1384283.0,87086.0,0.9408129435919882,0.059187056408011855,0.05677154582763338,3132455.069999997,20.071195394436806,8066.937336069315,0.9501218926630048
Frozen,1736472.0,1558743.0,177729.0,0.897649371829779,0.102350628170221,0.08579571363429092,2813398.7699999996,21.934256269949902,5354.966342453257,0.9216821984938289
Household,1626925.0,1506170.0,120755.0,0.9257771562917775,0.07422284370822256,0.05971272229822162,2463222.7599999993,24.76341199270402,12973.795308709536,0.9454481111039423
Snacks,1659915.0,1544818.0,115097.0,0.9306609073356166,0.06933909266438341,0.06429548563611491,1890877.439999998,16.088396260829924,3445.775705426357,0.9430581832045268
Beverages,1573439.0,1500066.0,73373.0,0.953367750513366,0.04663224948663405,0.05079799361605107,1157354.6099999987,23.120336525307806,6709.008948472426,0.9542775753097589
Dairy,1693843.0,1605239.0,88604.0,0.9476905474710466,0.052309452528953394,0.06680346557227543,1144670.4299999992,22.757002735978077,3718.0762323301346,0.9391364616433528
